task,e99,e95,e90,e80,e70,e50
CoNLL-PP,1.003039,1.000520,0.966522,0.938403,0.929595,0.751425
DBpedia,0.935323,0.067164,0.039801,0.039801,0.000000,0.000000
E2E-NLG,0.973092,1.013501,1.039487,1.057672,1.005369,1.066606
QNLI,1.005900,1.011799,0.986726,0.988201,0.945428,0.939528
QQP,1.016364,1.001818,1.014545,0.987273,0.980000,1.001818
SST-2,0.990850,1.000000,0.997386,1.002614,0.990850,0.996078
HellaSwag,0.983923,0.990354,1.006431,0.993569,1.041801,0.649518
ViGGO,1.002354,0.997817,0.994954,0.970195,0.968028,0.888948
WikiSQL,1.022000,1.002000,0.998000,0.804000,0.164000,-0.026000
GSM8K,NA,NA,NA,NA,NA,NA
