task,e99,e95,e90,e80,e70
CoNLL-PP,1.001459,1.000249,0.983929,0.970431,0.966202
DBpedia,0.935323,0.067164,0.039801,0.039801,0.000000
E2E-NLG,0.986337,1.006856,1.020051,1.029285,1.002726
QNLI,1.005764,1.011527,0.987032,0.988473,0.946686
QQP,1.012676,1.001408,1.011268,0.990141,0.984507
SST-2,0.990850,1.000000,0.997386,1.002614,0.990850
HellaSwag,0.990654,0.994393,1.003738,0.996262,1.024299
ViGGO,1.002105,0.998048,0.995487,0.973346,0.971407
WikiSQL,1.021318,1.001938,0.998062,0.810078,0.189922
GSM8K,0.872951,1.046948,0.949580,0.841202,0.463115
